metric,baseline,graph_applied,diff
Recall@10,0.163405,0.184505,0.021099
Recall@50,0.313097,0.36025,0.047153
Recall@100,0.386892,0.411364,0.024473
MRR,0.088745,0.081625,-0.00712
